{
  "model": "grok-beta",
  "total_questions": 174,
  "completed": 174,
  "errors": 0,
  "correct": 150,
  "accuracy": 0.8620689655172413,
  "avg_time": 0.38130984909233007,
  "total_tokens": 40240,
  "invalid_formats": 0,
  "valid_responses": 174
}