{
  "model": "gpt-4-turbo",
  "total_questions": 174,
  "completed": 174,
  "errors": 0,
  "correct": 149,
  "accuracy": 0.8563218390804598,
  "avg_time": 0.6513760610558521,
  "avg_tokens": 215.48850574712642,
  "invalid_formats": 0,
  "valid_responses": 174
}