{
  "model": "gpt-3.5-turbo",
  "total_questions": 174,
  "completed": 174,
  "errors": 0,
  "correct": 110,
  "accuracy": 0.632183908045977,
  "avg_time": 0.3913765172848756,
  "total_tokens": 42145
}