{
  "model": "gpt-4",
  "total_questions": 174,
  "completed": 174,
  "errors": 0,
  "correct": 152,
  "accuracy": 0.8735632183908046,
  "avg_time": 0.578311625568346,
  "total_tokens": 41849
}