{
  "model": "gpt-4o-2024-11-20",
  "total_questions": 174,
  "completed": 174,
  "errors": 0,
  "correct": 154,
  "accuracy": 0.8850574712643678,
  "avg_time": 0.42843449115753174,
  "avg_tokens": 193.01724137931035,
  "invalid_formats": 0,
  "valid_responses": 174
}