{
  "model": "Qwen/QwQ-32B-Preview",
  "total_questions": 174,
  "completed": 174,
  "errors": 0,
  "correct": 110,
  "accuracy": 0.632183908045977,
  "avg_time": 0.6518208144725054,
  "invalid_formats": 0,
  "valid_responses": 174
}