{
  "model": "gemini-pro",
  "total_questions": 174,
  "completed": 174,
  "errors": 0,
  "correct": 147,
  "accuracy": 0.8448275862068966,
  "avg_time": 0.8884595865490793,
  "invalid_formats": 0,
  "valid_responses": 174
}